Title,Price,Mileage,City,Distance
2021 MAZDA MAZDA3 Select Sedan 4D,"$19,290","71,831 mi.","Winder, GA",(19 mi. from 30605)
2021 MAZDA MAZDA3 Select Sedan 4D,"$19,990","68,309 mi.","Fairburn, GA",(74 mi. from 30605)
2021 MAZDA MAZDA3 Preferred Sedan 4D,"$19,990","63,376 mi.","Bessemer, AL",(209 mi. from 30605)
2022 Mazda Mazda3 FWD w/Select Package,"$17,498","62,206 mi.","Alpharetta, GA",(51 mi. from 30605)
2024 Mazda Mazda3 FWD w/Select Package,"$19,764","65,128 mi.","Macon, GA",(79 mi. from 30605)
2024 Mazda Mazda3 FWD w/Select Package,"$18,120","63,123 mi.","Warner Robins, GA",(94 mi. from 30605)
2024 Mazda Mazda3 FWD w/Select Package,"$17,720","62,440 mi.","Warner Robins, GA",(94 mi. from 30605)
2021 Mazda Mazda3 FWD w/Select Package,"$16,393","71,196 mi.","Columbus, OH",(417 mi. from 30605)
2021 Mazda Mazda3 AWD w/Preferred Package,"$18,826","56,185 mi.","Plant City, FL",(417 mi. from 30605)
2025 Mazda Mazda3 FWD w/Preferred Package,"$19,188","43,887 mi.","Seffner, FL",(417 mi. from 30605)
2025 Mazda Mazda3 2.5 S Select Sport,"$19,949","40,927 mi.","Holiday, FL",(401 mi. from 30605)
2025 Mazda Mazda3 2.5 S Select Sport,"$19,191","42,467 mi.","Gainesville, FL",(302 mi. from 30605)
2023 Mazda Mazda3 2.5 S Select,"$19,652","35,496 mi.","Fort Pierce, FL",(485 mi. from 30605)
2024 Mazda Mazda3 2.5 S Select Sport,"$19,500","48,315 mi.","Avon, IN",(434 mi. from 30605)
2024 Mazda Mazda3 FWD w/Select Package,"$19,000","45,768 mi.","Pell City, AL",(168 mi. from 30605)
2021 Mazda Mazda3 FWD w/Select Package,"$17,800","45,649 mi.","Mobile, AL",(353 mi. from 30605)
2024 Mazda Mazda3 2.5 S Select Sport,"$18,229","49,566 mi.","Holiday, FL",(401 mi. from 30605)
2025 Mazda Mazda3 FWD w/Select Package,"$19,632","50,196 mi.","St. Augustine, FL",(306 mi. from 30605)
2024 Mazda Mazda3 FWD w/Select Package,"$19,426","71,311 mi.","Kenner, LA",(486 mi. from 30605)
2025 Mazda Mazda3 FWD w/Select Package,"$19,702","52,022 mi.","Cottondale, AL",(235 mi. from 30605)
2022 Mazda Mazda3 FWD w/Select Package,"$19,357","46,579 mi.","Florence, KY",(355 mi. from 30605)
2024 Mazda Mazda3 FWD w/Preferred Package,"$19,425","58,834 mi.","Jackson, MS",(410 mi. from 30605)
2024 Mazda Mazda3 2.5 S Select Sport,"$19,192","62,601 mi.","Columbus, GA",(131 mi. from 30605)
2025 Mazda Mazda3 2.5 S Select Sport,"$19,303","57,256 mi.","Columbus, OH",(417 mi. from 30605)
2024 Mazda Mazda3 FWD w/Select Package,"$18,940","46,919 mi.","Indianapolis, IN",(430 mi. from 30605)
2023 Mazda Mazda3 2.5 S Select,"$18,888","26,541 mi.","West Chester, OH",(376 mi. from 30605)
2023 Mazda Mazda3 FWD w/Select Package,"$19,302","23,895 mi.","Fort Pierce, FL",(485 mi. from 30605)
2021 Mazda MAZDA3 2.5 S Sedan,"$17,496","40,830 mi.","Duluth, GA",(42 mi. from 30605)
2025 Mazda MAZDA3 2.5 S Select Sport Hatchback,"$19,591","60,703 mi.","Buford, GA",(35 mi. from 30605)
2025 Mazda MAZDA3 2.5 S Select Sport,"$19,396","45,553 mi.","Duluth, GA",(42 mi. from 30605)
2021 Mazda MAZDA3 2.5 Turbo Sedan,"$19,999","55,560 mi.","Lawrenceville, GA",(34 mi. from 30605)
2023 Mazda MAZDA3 2.5 S Select Hatchback,"$18,495","63,151 mi.","Gainesville, GA",(36 mi. from 30605)
2022 Mazda MAZDA3 2.0 Sedan,"$15,398","69,000 mi.","Cartersville, GA",(82 mi. from 30605)
2024 Mazda MAZDA3 2.5 S Select Sport Hatchback,"$19,383","62,046 mi.","Kennesaw, GA",(69 mi. from 30605)
2022 Mazda MAZDA3 Select Hatchback,"$19,689","51,257 mi.","Marietta, GA",(63 mi. from 30605)
2024 Mazda MAZDA3 2.5 S Select Sport,"$19,764","56,759 mi.","Macon, GA",(75 mi. from 30605)
2024 Mazda MAZDA3 2.5 S Select Sport Hatchback,"$19,864","67,055 mi.","Macon, GA",(75 mi. from 30605)
2025 Mazda MAZDA3 2.5 S Select Sport Hatchback,"$19,698","58,000 mi.","Avon, IN",(434 mi. from 30605)
2024 Mazda MAZDA3 2.5 S Select Sport,"$19,402","51,908 mi.","Clermont, FL",(386 mi. from 30605)
2025 Mazda MAZDA3 2.5 S Select Sport,"$19,698","54,284 mi.","Tallahassee, FL",(248 mi. from 30605)
2024 Mazda MAZDA3 2.5 S Select Sport Hatchback,"$19,398","55,517 mi.","Tallahassee, FL",(248 mi. from 30605)
2024 Mazda MAZDA3 2.5 S Select Sport,"$19,904","48,068 mi.","Tampa, FL",(415 mi. from 30605)
2023 Mazda MAZDA3 2.5 S Select Sedan,"$18,989","44,626 mi.","Clearwater, FL",(415 mi. from 30605)
2024 Mazda MAZDA3 2.5 S Sedan,"$18,895","54,876 mi.","Knoxville, TN",(141 mi. from 30605)
2024 Mazda MAZDA3 2.5 S Select Sport,"$19,888","56,783 mi.","Spartanburg, SC",(109 mi. from 30605)
2024 Mazda MAZDA3 2.5 S Select Sport Hatchback,"$19,898","49,655 mi.","Morgantown, WV",(433 mi. from 30605)
2022 Mazda MAZDA3 Preferred Sedan,"$19,497","65,813 mi.","Deland, FL",(364 mi. from 30605)
2021 Mazda MAZDA3 2.5 S Sedan,"$18,889","61,931 mi.","Savannah, GA",(188 mi. from 30605)
2025 Mazda MAZDA3 2.5 S Select Sport,"$19,696","48,118 mi.","Birmingham, AL",(190 mi. from 30605)
2024 Mazda MAZDA3 2.5 S Select Sport Hatchback,"$19,671","43,769 mi.","Orangeburg, SC",(150 mi. from 30605)
2023 Mazda MAZDA3 2.5 S Select Sedan,"$18,425","67,736 mi.","Morgantown, WV",(434 mi. from 30605)
2021 Mazda MAZDA3 2.5 S Sedan,"$17,895","42,954 mi.","Salisbury, NC",(202 mi. from 30605)
2021 Mazda MAZDA3 Select Sedan,"$19,998","41,605 mi.","Sanford, FL",(376 mi. from 30605)
2024 Mazda MAZDA3 2.5 S Select Sport,"$19,898","53,226 mi.","Pelham, AL",(191 mi. from 30605)
2024 Mazda MAZDA3 2.5 S Select Sport,"$16,194","48,922 mi.","Roanoke, VA",(299 mi. from 30605)
2024 Mazda MAZDA3 2.5 S Preferred Sedan,"$19,902","57,854 mi.","Orlando, FL",(399 mi. from 30605)
2023 Mazda MAZDA3 2.5 S Carbon Edition Sedan,"$19,229","24,253 mi.","Indianapolis, IN",(437 mi. from 30605)
2025 Mazda MAZDA3 2.5 S Sedan,"$17,244","10,945 mi.","Indianapolis, IN",(437 mi. from 30605)
2025 Mazda MAZDA3 2.5 S Select Sport,"$19,116","44,661 mi.","Tampa, FL",(412 mi. from 30605)
2024 Mazda MAZDA3 2.5 S Select Sport Hatchback,"$19,000","54,785 mi.","Jacksonville, FL",(274 mi. from 30605)
2023 Mazda MAZDA3 2.5 S Select Hatchback,"$19,990","51,134 mi.","Raleigh, NC",(302 mi. from 30605)
2021 Mazda MAZDA3 Select Sedan,"$19,376","52,421 mi.","Fairfield, OH",(377 mi. from 30605)
2021 Mazda MAZDA3 Select Sedan,"$19,495","57,351 mi.","Tallahassee, FL",(248 mi. from 30605)
2024 Mazda MAZDA3 2.5 S Select Sport Hatchback,"$19,637","48,069 mi.","Summerville, SC",(196 mi. from 30605)
2024 Mazda MAZDA3 2.5 S Select Sport Hatchback,"$19,898","54,458 mi.","Sterling, VA",(481 mi. from 30605)
2023 Mazda MAZDA3 2.5 S Select Sedan,"$18,894","69,281 mi.","Fuquay Varina, NC",(288 mi. from 30605)
2024 Mazda MAZDA3 2.5 S Select Sport Hatchback,"$18,685","54,845 mi.","Spartanburg, SC",(104 mi. from 30605)
2024 Mazda MAZDA3 2.5 S Select Sport,"$19,698","55,988 mi.","Charleston, SC",(205 mi. from 30605)
2024 Mazda MAZDA3 2.5 S Select Sport,"$19,985","48,895 mi.","Petal, MS",(385 mi. from 30605)
2024 Mazda MAZDA3 2.5 S Select Sport,"$18,904","52,395 mi.","Tampa, FL",(415 mi. from 30605)
2024 Mazda MAZDA3 2.5 S Select Sport,"$19,398","54,651 mi.","Gastonia, NC",(159 mi. from 30605)
2024 Mazda MAZDA3 2.5 S Preferred Hatchback,"$19,698","53,502 mi.","Columbia, SC",(133 mi. from 30605)
2025 Mazda MAZDA3 2.5 S Select Sport,"$19,082","44,554 mi.","Tampa, FL",(412 mi. from 30605)
2021 Mazda MAZDA3 Select Sedan,"$19,251","30,778 mi.","Bradenton, FL",(449 mi. from 30605)
2025 Mazda MAZDA3 2.5 S Preferred Sedan,"$15,871","13,571 mi.","Columbus, OH",(415 mi. from 30605)
2024 Mazda MAZDA3 2.5 S Select Sport,"$19,119","53,231 mi.","Hendersonville, NC",(108 mi. from 30605)
2024 Mazda MAZDA3 2.5 S Select Sport Hatchback,"$19,347","56,504 mi.","Metairie, LA",(483 mi. from 30605)
2023 Mazda Mazda3 25 S Select Package,"$19,850","58,424 mi.","White Bear Lake, MN",
2021 MAZDA MAZDA3 Select Sedan 4D,"$19,990","44,915 mi.","Rocklin, CA",
2021 MAZDA MAZDA3 Preferred Sedan 4D,"$19,990","63,600 mi.","Framingham, MA",
2024 Mazda Mazda3 2.5 S Select Sport,"$19,212","54,847 mi.","Richardson, TX",
2024 Mazda MAZDA3 2.5 S Select Sport Hatchback,"$19,722","41,006 mi.","San Antonio, TX",
2024 Mazda MAZDA3 2.5 S Select Sport Hatchback,"$19,959","48,909 mi.","Cerritos, CA",
2024 Mazda MAZDA3 2.5 S Select Sport Hatchback,"$18,572","57,446 mi.","Santa Rosa, CA",
2024 Mazda MAZDA3 2.5 S Select Sport Hatchback,"$19,343","66,488 mi.","Independence, MO",
2025 Mazda Mazda3 FWD w/Select Package,"$18,990","54,473 mi.","Chandler, AZ",
2025 Mazda MAZDA3 2.5 S Select Sport,"$19,962","48,058 mi.","Stockton, CA",
2024 Mazda MAZDA3 2.5 S Select Sport,"$18,672","60,756 mi.","Richardson, TX",
2024 Mazda Mazda3 FWD w/Select Package,"$19,142","54,431 mi.","Rancho Cordova, CA",
2024 Mazda MAZDA3 2.5 S Select Sport,"$19,724","49,650 mi.","Humble, TX",
2024 Mazda MAZDA3 2.5 S Select Sport Hatchback,"$19,898","46,521 mi.","Independence, MO",
2022 Mazda MAZDA3 2.5 S Sedan,"$19,000","65,200 mi.","Centennial, CO",
2021 Mazda MAZDA3 Select Sedan,"$18,776","70,653 mi.","Hagerstown, MD",
2021 Mazda MAZDA3 Select Hatchback,"$19,879","48,949 mi.","North Kansas City, MO",
2021 Mazda MAZDA3 2.5 S Sedan,"$19,998","46,498 mi.","Fremont, CA",
2024 Mazda MAZDA3 2.5 S Select Sport Hatchback,"$19,224","49,585 mi.","Fort Worth, TX",
2024 Mazda MAZDA3 2.5 S Select Sport,"$19,398","48,336 mi.","Scottsdale, AZ",
